data_1,data_2,data_3,data_4,data_5,data_6,data_7,data_8
-1.4955695,-0.40570587,-1.4197296,-0.58694243,-1.515613,-0.53829116,-1.3796773,-0.5650264
