parameter_1,parameter_2,parameter_3,parameter_4,parameter_5
-1.4218984,-0.49228,-0.26931095,0.27040005,-0.42558432
