data_1,data_2,data_3,data_4,data_5,data_6,data_7,data_8
2.557399,5.5054274,-1.7351863,-4.597821,-4.250323,-11.264285,-0.18216604,-0.87947524
