parameter_1,parameter_2,parameter_3,parameter_4,parameter_5
-0.34620094,-1.5795193,1.620408,2.5054274,2.9506922
