data_1,data_2,data_3,data_4,data_5,data_6,data_7,data_8
-2.6661088,-0.30859166,-2.63877,-0.31754458,-2.4084148,-0.24063776,-2.6245024,-0.2947379
