parameter_1,parameter_2,parameter_3,parameter_4,parameter_5
-2.7336273,-0.32759476,0.38089752,-0.25105238,0.9487734
