data_1,data_2,data_3,data_4,data_5,data_6,data_7,data_8
0.15496218,3.162345,3.2546616,2.7783015,1.4598926,3.0087826,1.2032635,3.0688832
