parameter_1,parameter_2,parameter_3,parameter_4,parameter_5
1.3622332,2.9629712,-1.1562145,-0.34622312,-1.3611134
