data_1,data_2,data_3,data_4,data_5,data_6,data_7,data_8
2.0921845,-4.960312,1.8583211,-3.975325,2.1520288,-1.5969684,4.6756644,-10.029299
