parameter_1,parameter_2,parameter_3,parameter_4,parameter_5
2.5977678,-2.103941,-1.2296627,2.6155767,-0.89401746
