data_1,data_2,data_3,data_4,data_5,data_6,data_7,data_8
-2.0981817,-1.1543288,-2.6786745,-2.0732527,-2.3313813,-1.1923968,-1.4925518,-0.62571335
