parameter_1,parameter_2,parameter_3,parameter_4,parameter_5
-1.9804881,-0.93999124,0.69220495,-0.85929775,1.6579242
