data_1,data_2,data_3,data_4,data_5,data_6,data_7,data_8
0.60904855,9.970491,0.74268234,9.807367,0.53247267,-0.7652888,0.72921723,4.225957
