parameter_1,parameter_2,parameter_3,parameter_4,parameter_5
0.6119313,-0.014013767,-0.34263802,2.5203362,-0.016398907
