data_1,data_2,data_3,data_4,data_5,data_6,data_7,data_8
-5.0084662,-2.447651,-3.4952412,-2.797922,-18.238194,-2.130251,-3.6148963,-2.5643334
