data_1,data_2,data_3,data_4,data_5,data_6,data_7,data_8
-2.0191474,-1.7052193,-2.0152059,-1.562015,-1.9733343,-2.1478398,-2.071016,-0.8720847
