data_1,data_2,data_3,data_4,data_5,data_6,data_7,data_8
-2.4360843,2.0457072,-0.27427387,-1.3200068,-2.4292595,1.9932078,-2.4684727,1.4265162
