parameter_1,parameter_2,parameter_3,parameter_4,parameter_5
-2.3154552,1.3691721,-1.3936175,1.651165,-2.3881824
