data_1,data_2,data_3,data_4,data_5,data_6,data_7,data_8
-1.3810339,-1.7349187,-1.6290364,1.6239897,-0.8267039,-2.7333827,-0.18425345,-2.4583273
