parameter_1,parameter_2,parameter_3,parameter_4,parameter_5
0.99083185,-1.0816988,1.5332322,1.4464755,-0.5385275
