data_1,data_2,data_3,data_4,data_5,data_6,data_7,data_8
2.379761,3.6801395,3.4719253,2.7238073,3.4780054,3.0939076,2.4783163,2.9270256
