parameter_1,parameter_2,parameter_3,parameter_4,parameter_5
2.7818022,2.7249417,0.85075307,0.6274586,-0.16399097
