data_1,data_2,data_3,data_4,data_5,data_6,data_7,data_8
-0.9610648,6.9162455,-1.3567811,0.9951416,-0.3857053,0.35074878,-0.8008653,-7.9373703
