parameter_1,parameter_2,parameter_3,parameter_4,parameter_5
-1.2240525,-0.8822415,-0.8938165,2.6965494,-0.027412176
