data_1,data_2,data_3,data_4,data_5,data_6,data_7,data_8
-1.5216978,-2.1711016,-1.5023447,-2.1832898,-1.4726427,-2.1953392,-1.4911475,-2.180762
