parameter_1,parameter_2,parameter_3,parameter_4,parameter_5
-1.5298741,-2.1699557,0.22989964,-0.15751743,-2.5818887
