data_1,data_2,data_3,data_4,data_5,data_6,data_7,data_8
2.8987908,2.0855465,1.6725665,2.462542,1.5226474,2.5067368,3.1058326,2.202153
