data_1,data_2,data_3,data_4,data_5,data_6,data_7,data_8
-0.99689054,1.1285061,-6.273364,1.1672093,3.1278658,1.126153,-20.689941,1.2232438
