parameter_1,parameter_2,parameter_3,parameter_4,parameter_5
1.2707167,1.1356678,-2.746735,-0.18596458,-2.0350776
