data_1,data_2,data_3,data_4,data_5,data_6,data_7,data_8
0.0509696,-1.6819956,-2.483203,0.9126632,0.53706634,-2.3057065,-1.4936898,0.29561615
