parameter_1,parameter_2,parameter_3,parameter_4,parameter_5
-0.68748045,-1.1119409,1.4089594,-1.3201393,-2.2147331
