data_1,data_2,data_3,data_4,data_5,data_6,data_7,data_8
-3.58095,2.3122187,0.13018477,2.3134956,3.471621,2.313267,-1.9598429,2.3119037
