parameter_1,parameter_2,parameter_3,parameter_4,parameter_5
-1.1008215,2.3129077,-1.5917623,0.019512892,0.15656185
