data_1,data_2,data_3,data_4,data_5,data_6,data_7,data_8
2.709764,-2.3273273,0.5135999,-2.1412034,3.6992536,-5.220679,3.7355628,-3.633392
