parameter_1,parameter_2,parameter_3,parameter_4,parameter_5
1.9470272,-1.4596953,1.0265121,-1.5407238,-0.6495652
