data_1,data_2,data_3,data_4,data_5,data_6,data_7,data_8
3.260613,0.3004986,-2.764787,1.4227035,5.938062,0.9082913,-3.9931934,0.6767993
