parameter_1,parameter_2,parameter_3,parameter_4,parameter_5
-0.25644255,1.087132,2.3109207,0.73409605,-0.7658422
