data_1,data_2,data_3,data_4,data_5,data_6,data_7,data_8
-2.359447,-0.5013846,-2.3653455,0.79312897,-2.2919698,-3.3567111,-2.349141,0.1487022
