parameter_1,parameter_2,parameter_3,parameter_4,parameter_5
-2.3466432,-0.2694261,-0.20640063,1.4727855,-1.6596061
