data_1,data_2,data_3,data_4,data_5,data_6,data_7,data_8
2.1979094,-1.7051506,1.3703856,-1.7897689,-4.950813,-1.9457178,0.7103133,-1.6877847
