parameter_1,parameter_2,parameter_3,parameter_4,parameter_5
-0.89448166,-1.8202883,-1.8265293,0.32637167,1.4302669
