data_1,data_2,data_3,data_4,data_5,data_6,data_7,data_8
-0.9885411,3.031136,-2.1105561,2.862015,-1.8718809,3.0089025,-2.9283667,2.811427
