parameter_1,parameter_2,parameter_3,parameter_4,parameter_5
-2.5814052,2.8606482,-1.098154,-0.46109533,2.1892352
