data_1,data_2,data_3,data_4,data_5,data_6,data_7,data_8
-3.0742664,2.2538245,-1.3345201,-1.4250926,1.8983738,-6.8571157,-2.0334108,0.035505295
