data_1,data_2,data_3,data_4,data_5,data_6,data_7,data_8
4.5370717,-4.8095484,2.0020669,-3.520503,0.13334227,-1.0154445,2.0306244,-2.8228312
