parameter_1,parameter_2,parameter_3,parameter_4,parameter_5
1.2458735,-2.4305196,1.3467546,1.1113968,-1.2200983
