data_1,data_2,data_3,data_4,data_5,data_6,data_7,data_8
2.8949938,1.7219241,2.8885224,2.5544705,2.8871527,-1.8779058,2.885563,-0.51198256
