parameter_1,parameter_2,parameter_3,parameter_4,parameter_5
2.8883295,0.8446708,0.075417995,-1.586876,-0.6724739
