data_1,data_2,data_3,data_4,data_5,data_6,data_7,data_8
-7.5407066,-10.360861,-3.8173344,-5.994282,4.414805,2.6265552,-2.5650976,-3.6837902
