parameter_1,parameter_2,parameter_3,parameter_4,parameter_5
0.91851497,-1.0710855,-2.6986399,2.5445566,2.6067085
