data_1,data_2,data_3,data_4,data_5,data_6,data_7,data_8
-0.10763848,7.761636,-0.087637305,8.754284,0.25614214,7.5364575,3.1150012,-3.3977032
