parameter_1,parameter_2,parameter_3,parameter_4,parameter_5
1.7982969,1.8775439,1.1791224,2.2752218,-2.5708308
