data_1,data_2,data_3,data_4,data_5,data_6,data_7,data_8
3.058353,5.9392834,1.9298168,-3.5329525,2.8544838,3.0817676,2.722354,-1.5170343
