parameter_1,parameter_2,parameter_3,parameter_4,parameter_5
2.5054355,-0.9379773,0.7658925,1.8300695,0.9101629
