data_1,data_2,data_3,data_4,data_5,data_6,data_7,data_8
-1.4037904,2.871067,-1.4632319,2.8687105,-1.367323,2.8659084,-1.3572562,2.8683126
