parameter_1,parameter_2,parameter_3,parameter_4,parameter_5
-1.4203802,2.8670673,0.37080145,0.09385657,-1.6114426
