data_1,data_2,data_3,data_4,data_5,data_6,data_7,data_8
2.3374465,-2.8528259,3.1189208,-1.7180607,2.7105207,-2.346256,2.721504,-2.2640634
