parameter_1,parameter_2,parameter_3,parameter_4,parameter_5
2.5737805,-2.4954314,0.6352494,-0.770885,2.9828496
