data_1,data_2,data_3,data_4,data_5,data_6,data_7,data_8
-5.247626,-1.2276919,9.185825,-2.2360668,-2.5454137,-1.4465027,-1.7662611,-1.5318255
