data_1,data_2,data_3,data_4,data_5,data_6,data_7,data_8
4.5360346,-5.1519904,2.547471,2.2118855,0.85906774,-2.4998264,-0.20365012,6.5330024
