data_1,data_2,data_3,data_4,data_5,data_6,data_7,data_8
2.5549664,-11.94266,2.529821,-9.076826,2.1750693,3.7038708,2.6508129,-9.773883
