parameter_1,parameter_2,parameter_3,parameter_4,parameter_5
2.4545898,-2.286869,0.36586332,-2.8046217,-0.46465015
