data_1,data_2,data_3,data_4,data_5,data_6,data_7,data_8
-3.0326912,3.601803,-4.3683476,-0.5836222,-3.119325,2.294586,-3.2530465,4.285473
