parameter_1,parameter_2,parameter_3,parameter_4,parameter_5
-2.3454409,-0.13697481,1.4972825,-1.836736,0.5659411
