data_1,data_2,data_3,data_4,data_5,data_6,data_7,data_8
-1.0681711,-0.6104628,0.09722391,-0.61114514,3.070862,-0.6194018,-0.98248196,-0.62037075
