parameter_1,parameter_2,parameter_3,parameter_4,parameter_5
0.44331503,-0.61705256,-2.9650612,0.18510532,1.9527073
