data_1,data_2,data_3,data_4,data_5,data_6,data_7,data_8
15.221388,-15.627965,3.2177649,1.8599602,-2.6844735,7.41722,5.689725,-2.2617068
