parameter_1,parameter_2,parameter_3,parameter_4,parameter_5
2.8834963,1.9861574,-2.2185152,2.6866732,-2.4688003
