data_1,data_2,data_3,data_4,data_5,data_6,data_7,data_8
3.5340967,-6.3193955,-3.9340892,0.09657836,-2.4843593,0.15135723,-0.47011638,-4.54436
