parameter_1,parameter_2,parameter_3,parameter_4,parameter_5
-2.8699865,0.054012775,1.5008631,-1.432972,-1.0747064
