data_1,data_2,data_3,data_4,data_5,data_6,data_7,data_8
-3.8316672,-0.16490231,-12.13946,0.53869116,-0.34730494,-0.541631,-3.5454788,0.073984504
