parameter_1,parameter_2,parameter_3,parameter_4,parameter_5
-2.0210218,-0.36096382,-1.9217734,-0.6567669,-1.1874343
