data_1,data_2,data_3,data_4,data_5,data_6,data_7,data_8
-1.587067,3.1057496,-0.5542054,4.561228,-1.7583755,2.415216,-0.9552213,4.1180267
