parameter_1,parameter_2,parameter_3,parameter_4,parameter_5
-1.8672667,2.5888782,-0.77606726,-0.884408,1.2142634
