data_1,data_2,data_3,data_4,data_5,data_6,data_7,data_8
1.5797873,2.9441562,-4.9210467,3.0488677,3.4259973,2.9144096,-6.768671,3.076204
