parameter_1,parameter_2,parameter_3,parameter_4,parameter_5
1.3118019,2.9408798,2.4164352,0.32076645,-2.8316324
