data_1,data_2,data_3,data_4,data_5,data_6,data_7,data_8
-0.4277084,9.590607,1.9385324,-7.499909,-0.36829436,7.2392106,-0.9207636,14.711956
