data_1,data_2,data_3,data_4,data_5,data_6,data_7,data_8
4.6291566,-3.4013677,-8.3369665,-0.54021275,1.4896082,0.118135214,-5.6232433,-5.48129
