parameter_1,parameter_2,parameter_3,parameter_4,parameter_5
1.3230515,-2.0019107,-2.7420087,1.3452291,0.20191145
