data_1,data_2,data_3,data_4,data_5,data_6,data_7,data_8
-2.1796737,1.8349788,0.2195183,1.8505192,-2.9169264,1.9075878,-3.1029136,1.8283134
