parameter_1,parameter_2,parameter_3,parameter_4,parameter_5
-1.0712128,1.8511086,-1.3530428,0.29524398,-1.2605771
