data_1,data_2,data_3,data_4,data_5,data_6,data_7,data_8
-3.8325164,-5.28807,1.5379381,2.1022172,2.6699781,0.8249407,-0.774364,-0.95140314
