parameter_1,parameter_2,parameter_3,parameter_4,parameter_5
0.65769553,0.02127409,1.7265244,-1.9297975,1.7680316
