data_1,data_2,data_3,data_4,data_5,data_6,data_7,data_8
-2.2433648,-1.0392182,-1.8312771,0.6995797,-5.671395,0.36825395,-2.614367,-0.7183922
