data_1,data_2,data_3,data_4,data_5,data_6,data_7,data_8
-4.4192376,3.096036,0.13193776,2.3166857,-0.82023776,2.3470302,-0.6789225,2.4983165
