parameter_1,parameter_2,parameter_3,parameter_4,parameter_5
0.14448786,2.3344307,1.3431983,-0.652761,-1.2509773
