data_1,data_2,data_3,data_4,data_5,data_6,data_7,data_8
0.2678737,-1.1131939,-0.61153966,0.57242703,-0.26796708,0.12711766,-0.007795036,-0.6422223
