parameter_1,parameter_2,parameter_3,parameter_4,parameter_5
-0.53406787,0.36795664,-0.76593804,1.0377645,-2.4405506
