data_1,data_2,data_3,data_4,data_5,data_6,data_7,data_8
3.0551958,-1.6948419,-0.3266909,5.6003723,3.4290662,0.80016446,0.017963648,-0.64040947
