parameter_1,parameter_2,parameter_3,parameter_4,parameter_5
1.8676028,2.4033499,-1.6651304,-2.6177301,-1.2481327
