data_1,data_2,data_3,data_4,data_5,data_6,data_7,data_8
0.008967876,8.007862,-2.3377423,-0.9318924,-3.5859299,-1.7086992,-3.2357347,-0.60872984
