parameter_1,parameter_2,parameter_3,parameter_4,parameter_5
-2.2765853,0.9746926,1.1122379,-1.8251034,1.9125781
