data_1,data_2,data_3,data_4,data_5,data_6,data_7,data_8
-2.7178466,2.1621857,-10.013684,2.2024891,-11.927038,2.2171855,2.1740093,2.1234257
