parameter_1,parameter_2,parameter_3,parameter_4,parameter_5
0.55243874,2.1346526,-2.8109922,-0.21364069,-2.561572
