data_1,data_2,data_3,data_4,data_5,data_6,data_7,data_8
-0.42552042,-2.0276935,-3.1366692,-2.3260183,1.0439987,-1.4416429,0.6859448,-1.0266839
