parameter_1,parameter_2,parameter_3,parameter_4,parameter_5
2.2059622,-1.1640959,-2.0428553,-0.97209454,2.4258409
