data_1,data_2,data_3,data_4,data_5,data_6,data_7,data_8
-0.66598976,-1.5026648,-0.39790732,-1.6597242,-0.97565395,-2.05856,-0.7395328,-2.1139042
