parameter_1,parameter_2,parameter_3,parameter_4,parameter_5
-0.8708782,-2.0177915,0.47103524,-0.5487292,0.6281252
