data_1,data_2,data_3,data_4,data_5,data_6,data_7,data_8
6.2347374,0.17882276,3.762517,1.5831101,5.529098,0.056625128,-5.0306606,7.1464963
