parameter_1,parameter_2,parameter_3,parameter_4,parameter_5
2.1460018,2.7709966,-1.6684012,-1.3998799,-2.180611
