data_1,data_2,data_3,data_4,data_5,data_6,data_7,data_8
2.7462332,-0.2498039,4.3997126,0.528113,5.4215336,-5.942206,-1.2872629,-6.548637
