parameter_1,parameter_2,parameter_3,parameter_4,parameter_5
0.22521758,-1.2142206,-1.7013084,-2.1413589,0.18664551
