parameter_1,parameter_2,parameter_3,parameter_4,parameter_5
0.7351155,1.8979096,-1.0576333,2.5228815,-1.6291487
