data_1,data_2,data_3,data_4,data_5,data_6,data_7,data_8
-1.5275195,3.9985335,-6.6962085,-6.821775,-3.6141958,-1.9603906,-5.476414,-3.9051147
