parameter_1,parameter_2,parameter_3,parameter_4,parameter_5
-2.5413203,0.1927228,1.9652252,-2.4884667,2.4373102
