data_1,data_2,data_3,data_4,data_5,data_6,data_7,data_8
2.8158631,1.0708622,2.7919962,3.9127789,2.4907348,1.1346251,2.7775707,2.0385
