parameter_1,parameter_2,parameter_3,parameter_4,parameter_5
2.6700077,1.679853,-0.66382957,-1.0883256,0.919276
