data_1,data_2,data_3,data_4,data_5,data_6,data_7,data_8
-3.4696217,-1.4293615,-0.51564515,-2.0970676,-1.8967493,-1.7280867,-4.1880465,-1.483655
