data_1,data_2,data_3,data_4,data_5,data_6,data_7,data_8
-3.170115,0.3395231,2.6710887,0.9053952,0.22587883,0.34956253,2.5345325,0.45490608
