parameter_1,parameter_2,parameter_3,parameter_4,parameter_5
-1.631601,0.6456337,2.3409195,0.66150475,0.26487207
