data_1,data_2,data_3,data_4,data_5,data_6,data_7,data_8
-5.4631205,15.095213,7.061125,-12.596437,1.0001006,4.374255,3.232461,-0.6067301
