parameter_1,parameter_2,parameter_3,parameter_4,parameter_5
2.4684544,0.38424635,-2.1834912,-2.9117718,-1.6682872
