data_1,data_2,data_3,data_4,data_5,data_6,data_7,data_8
-1.0218561,0.42019576,-1.0209724,0.44617572,-1.0216221,0.40824664,-1.0218238,0.40941608
