parameter_1,parameter_2,parameter_3,parameter_4,parameter_5
-1.0216255,0.4175191,0.030620575,-0.15149546,1.698431
