data_1,data_2,data_3,data_4,data_5,data_6,data_7,data_8
0.76156414,1.4328177,-4.103071,2.3336394,7.3650756,-6.8010178,-0.5196498,0.99803185
