parameter_1,parameter_2,parameter_3,parameter_4,parameter_5
-0.8441968,0.72867894,-2.2079678,-1.7575504,-1.3986654
