data_1,data_2,data_3,data_4,data_5,data_6,data_7,data_8
0.87853867,-0.19803056,1.2217814,-0.3125509,-0.26943004,1.5441679,-1.4857786,2.8384423
