parameter_1,parameter_2,parameter_3,parameter_4,parameter_5
0.7522993,-0.2985611,0.8582125,-1.0779784,-1.4879894
