data_1,data_2,data_3,data_4,data_5,data_6,data_7,data_8
2.5134845,1.8194859,3.103988,-9.287497,2.9045641,-2.3824003,2.9351122,-4.393577
