parameter_1,parameter_2,parameter_3,parameter_4,parameter_5
2.7637506,-2.1242874,0.52644205,2.469822,-1.7740678
