data_1,data_2,data_3,data_4,data_5,data_6,data_7,data_8
-10.522031,13.92007,-2.6407561,-3.196775,-5.7859526,4.5996385,-2.8928583,3.3218153
