parameter_1,parameter_2,parameter_3,parameter_4,parameter_5
-2.9039855,1.1540613,1.9220204,-2.5526161,-1.6907598
