data_1,data_2,data_3,data_4,data_5,data_6,data_7,data_8
0.6042284,-0.4343527,-0.10084191,-0.77948654,5.125353,5.259291,-6.54508,-7.253337
