parameter_1,parameter_2,parameter_3,parameter_4,parameter_5
-0.5941436,-1.1485502,-2.4737554,2.4616013,2.4626188
