data_1,data_2,data_3,data_4,data_5,data_6,data_7,data_8
7.155611,-1.2114016,-18.82574,-1.1547095,-6.080355,-1.1683701,-4.7141047,-1.1800045
