data_1,data_2,data_3,data_4,data_5,data_6,data_7,data_8
-6.6051784,-1.1523137,0.17253268,-1.1525152,2.8162394,-1.152388,-1.243089,-1.1527871
