parameter_1,parameter_2,parameter_3,parameter_4,parameter_5
-1.0191818,-1.152405,1.8661871,-0.04248953,-1.1549013
