data_1,data_2,data_3,data_4,data_5,data_6,data_7,data_8
1.9257121,-1.8852106,2.1894758,-1.8852403,4.164912,-1.8857142,-2.8836858,-1.880946
