parameter_1,parameter_2,parameter_3,parameter_4,parameter_5
0.7698636,-1.8843927,2.1947112,-0.07906008,-1.6279836
