data_1,data_2,data_3,data_4,data_5,data_6,data_7,data_8
-0.69233775,-2.260732,1.3635645,-2.9460835,4.115307,-0.5418395,3.9707952,3.1080778
