parameter_1,parameter_2,parameter_3,parameter_4,parameter_5
2.3454213,-1.5454023,-2.4197693,-2.356831,1.2197075
