data_1,data_2,data_3,data_4,data_5,data_6,data_7,data_8
-6.957547,0.060237646,-2.0981102,0.9137596,-3.3142447,-0.31161904,-0.09783816,2.4939578
