parameter_1,parameter_2,parameter_3,parameter_4,parameter_5
-2.9594855,1.2008533,-1.5880308,-1.8110347,1.0958223
