data_1,data_2,data_3,data_4,data_5,data_6,data_7,data_8
2.2039075,-1.3361129,2.2102208,-1.3335134,2.234296,-1.3601712,2.2219625,-1.3599675
