parameter_1,parameter_2,parameter_3,parameter_4,parameter_5
2.2158442,-1.3453674,-0.12900543,0.13252163,-1.448861
