data_1,data_2,data_3,data_4,data_5,data_6,data_7,data_8
0.99090517,3.2227254,-1.4154685,-3.6893163,-3.6429787,-10.001196,-3.1645303,-10.676928
