parameter_1,parameter_2,parameter_3,parameter_4,parameter_5
-1.1989764,-2.7024522,1.5005054,-2.6968918,2.7750778
