data_1,data_2,data_3,data_4,data_5,data_6,data_7,data_8
7.387002,-4.5392447,-6.583159,-1.9919009,0.52144873,-3.184542,-6.152821,-1.9006954
