data_1,data_2,data_3,data_4,data_5,data_6,data_7,data_8
0.66398466,0.76040095,2.404875,4.469669,-0.23210466,0.12713516,2.9880807,5.431685
