parameter_1,parameter_2,parameter_3,parameter_4,parameter_5
-0.026828766,0.39036226,1.0655642,-1.508955,0.94502544
