data_1,data_2,data_3,data_4,data_5,data_6,data_7,data_8
-1.1788695,-1.2425275,0.9935319,-2.2700448,0.36234462,-2.138093,4.467043,-3.515202
