parameter_1,parameter_2,parameter_3,parameter_4,parameter_5
1.8977675,-2.7070413,1.5145044,-0.9326196,-2.228098
