data_1,data_2,data_3,data_4,data_5,data_6,data_7,data_8
-1.6371447,-0.037302792,-1.5622597,0.031204976,-3.683134,0.0995367,-1.7389069,0.030966327
