data_1,data_2,data_3,data_4,data_5,data_6,data_7,data_8
-5.79053,-3.2424827,0.81354356,-0.012960196,-9.484472,-4.6529403,6.3873405,4.1859527
