parameter_1,parameter_2,parameter_3,parameter_4,parameter_5
-2.721364,-1.3321441,2.5209517,1.8214054,2.4055128
