data_1,data_2,data_3,data_4,data_5,data_6,data_7,data_8
-2.3119745,-0.16105127,-2.316795,-0.27559924,-0.8626371,0.32272738,-0.5651263,0.33925465
