parameter_1,parameter_2,parameter_3,parameter_4,parameter_5
-1.6814007,0.16468406,-0.9322057,-0.5792613,1.0151753
