data_1,data_2,data_3,data_4,data_5,data_6,data_7,data_8
2.603043,17.113182,2.1125982,-3.8716474,-0.59076357,-8.137285,0.6289456,-1.170414
