parameter_1,parameter_2,parameter_3,parameter_4,parameter_5
1.6932645,2.3795037,1.2611208,-2.9675336,0.24031377
