data_1,data_2,data_3,data_4,data_5,data_6,data_7,data_8
7.0145183,0.5865128,-2.0139732,0.7773578,8.555093,1.8940426,3.3831556,3.1863196
