parameter_1,parameter_2,parameter_3,parameter_4,parameter_5
0.15319824,0.7526014,-2.8887992,1.1581926,0.75919104
