data_1,data_2,data_3,data_4,data_5,data_6,data_7,data_8
1.8968987,-0.10553336,4.4680204,-4.5662327,-0.6300709,8.583777,0.5156305,2.6427712
