parameter_1,parameter_2,parameter_3,parameter_4,parameter_5
2.9826984,-1.6444463,1.1756334,-1.9534385,-1.2879052
