data_1,data_2,data_3,data_4,data_5,data_6,data_7,data_8
16.766376,-1.4229232,6.959467,-0.92288584,-8.2006645,-1.0776129,5.444562,-1.0804331
