parameter_1,parameter_2,parameter_3,parameter_4,parameter_5
2.7369728,-1.2762008,2.837885,-0.6410117,-0.1656096
