data_1,data_2,data_3,data_4,data_5,data_6,data_7,data_8
-2.8533673,1.1624683,-2.7058735,-4.1050577,-2.9037817,1.4084814,-2.8388164,1.5132841
