parameter_1,parameter_2,parameter_3,parameter_4,parameter_5
-2.8394685,-0.30144405,-0.2928114,1.5450621,-0.42436743
