data_1,data_2,data_3,data_4,data_5,data_6,data_7,data_8
1.9853952,-2.353127,1.9179584,-2.5172892,1.8668877,-1.0328712,1.768673,-0.51493657
