parameter_1,parameter_2,parameter_3,parameter_4,parameter_5
1.8921843,-1.6674911,-0.27677894,-1.0771719,-1.3837016
