data_1,data_2,data_3,data_4,data_5,data_6,data_7,data_8
-3.748859,1.5207034,-5.5595903,5.5467467,12.431598,-0.8757715,-11.679064,5.618325
