parameter_1,parameter_2,parameter_3,parameter_4,parameter_5
1.8623695,2.2588677,-2.797842,1.6254921,0.15314245
