data_1,data_2,data_3,data_4,data_5,data_6,data_7,data_8
-4.6767235,0.76946086,7.023428,1.5661794,9.482403,1.3075129,10.9147005,1.5409766
