parameter_1,parameter_2,parameter_3,parameter_4,parameter_5
0.54750896,1.5757866,2.6756182,0.8163924,-0.15588188
