data_1,data_2,data_3,data_4,data_5,data_6,data_7,data_8
-2.732315,10.151644,-2.1260805,8.168082,-0.43576795,-5.578925,-0.20440465,-8.543378
