data_1,data_2,data_3,data_4,data_5,data_6,data_7,data_8
-3.689224,3.6508017,-2.1532311,1.7944586,-5.9104924,8.689188,12.309748,-4.704723
