parameter_1,parameter_2,parameter_3,parameter_4,parameter_5
-2.8002384,2.7702198,2.609311,2.0794473,-0.99269557
